screen	uniprot_id	start	end	mutations	guide_seq
ActivEdit	P67775	56	57	G:56->K,D:57->N	CATCTCCACAGACAGTAACT
ActivEdit	P67775	59	59	H:59->C	GATGTGCATGGGCAATTTCA
ActivEdit	P67775	85	85	D:85->G	ATGGGAGATTATGTTGACAG
ActivEdit	P67775	85	85	D:85->G	TGGGAGATTATGTTGACAGA
ActivEdit	P67775	88	89	D:88->G,R:89->G	GTTGACAGAGGATATTATTC
ActivEdit	P67775	117	118	N:117->G,H:118->Y	AGGGAATCATGAGAGCAGAC
ActivEdit	P67775	167	167	H:167->Y	CTGTCTACATGGTGGTCTCT
ActivEdit	P67775	240	241	A:240->V,H:241->C	AGAGCTCACCAGCTAGTGAT
ActivEdit	P67775	240	241	A:240->V,H:241->Y	TAGAGCTCACCAGCTAGTGA
ActivEdit	P67775	241	242	H:241->C,Q:242->W	GCTCACCAGCTAGTGATGGA